type,attribute1,   attribute2, attribute3, attribute4, attribute5 
WallStreetElite-head06,WallStreetElite-Accessories07,WallStreetElite-Eye06,WallStreetElite-hair16,WallStreetElite-Mouth07,WallStreetElite-nose04
WallStreetElite-head10,WallStreetElite-Accessories13,WallStreetElite-Eye08,WallStreetElite-hair01,WallStreetElite-Mouth09,WallStreetElite-nose05
WallStreetElite-head05,WallStreetElite-Accessories04,WallStreetElite-Eye19,WallStreetElite-hair13,WallStreetElite-Mouth05,WallStreetElite-nose12
WallStreetElite-head09,WallStreetElite-Accessories08,WallStreetElite-Eye13,WallStreetElite-hair16,WallStreetElite-Mouth05,WallStreetElite-nose10
WallStreetElite-head01,WallStreetElite-Accessories11,WallStreetElite-Eye11,WallStreetElite-hair02,WallStreetElite-Mouth02,WallStreetElite-nose09
WallStreetElite-head06,WallStreetElite-Accessories01,WallStreetElite-Eye12,WallStreetElite-hair08,WallStreetElite-Mouth01,WallStreetElite-nose09
WallStreetElite-head06,WallStreetElite-Accessories10,WallStreetElite-Eye07,WallStreetElite-hair09,WallStreetElite-Mouth03,WallStreetElite-nose05
WallStreetElite-head10,WallStreetElite-Accessories14,WallStreetElite-Eye12,WallStreetElite-hair03,WallStreetElite-Mouth11,WallStreetElite-nose01
WallStreetElite-head01,WallStreetElite-Accessories04,WallStreetElite-Eye10,WallStreetElite-hair07,WallStreetElite-Mouth08,WallStreetElite-nose07
WallStreetElite-head04,WallStreetElite-Accessories02,WallStreetElite-Eye14,WallStreetElite-hair11,WallStreetElite-Mouth09,WallStreetElite-nose08
WallStreetElite-head07,WallStreetElite-Accessories05,WallStreetElite-Eye16,WallStreetElite-hair08,WallStreetElite-Mouth11,WallStreetElite-nose02
WallStreetElite-head07,WallStreetElite-Accessories02,WallStreetElite-Eye15,WallStreetElite-hair07,WallStreetElite-Mouth06,WallStreetElite-nose09
WallStreetElite-head03,WallStreetElite-Accessories16,WallStreetElite-Eye04,WallStreetElite-hair11,WallStreetElite-Mouth11,WallStreetElite-nose03
WallStreetElite-head02,WallStreetElite-Accessories06,WallStreetElite-Eye20,WallStreetElite-hair09,WallStreetElite-Mouth05,WallStreetElite-nose04
WallStreetElite-head02,WallStreetElite-Accessories10,WallStreetElite-Eye13,WallStreetElite-hair06,WallStreetElite-Mouth11,WallStreetElite-nose10
WallStreetElite-head09,WallStreetElite-Accessories11,WallStreetElite-Eye14,WallStreetElite-hair14,WallStreetElite-Mouth11,WallStreetElite-nose08
WallStreetElite-head08,WallStreetElite-Accessories08,WallStreetElite-Eye11,WallStreetElite-hair05,WallStreetElite-Mouth12,WallStreetElite-nose03
WallStreetElite-head07,WallStreetElite-Accessories07,WallStreetElite-Eye06,WallStreetElite-hair14,WallStreetElite-Mouth08,WallStreetElite-nose10
WallStreetElite-head07,WallStreetElite-Accessories07,WallStreetElite-Eye15,WallStreetElite-hair08,WallStreetElite-Mouth09,WallStreetElite-nose10
WallStreetElite-head10,WallStreetElite-Accessories01,WallStreetElite-Eye13,WallStreetElite-hair07,WallStreetElite-Mouth05,WallStreetElite-nose10
WallStreetElite-head05,WallStreetElite-Accessories09,WallStreetElite-Eye10,WallStreetElite-hair04,WallStreetElite-Mouth11,WallStreetElite-nose09
WallStreetElite-head03,WallStreetElite-Accessories10,WallStreetElite-Eye05,WallStreetElite-hair09,WallStreetElite-Mouth05,WallStreetElite-nose11
WallStreetElite-head10,WallStreetElite-Accessories14,WallStreetElite-Eye10,WallStreetElite-hair03,WallStreetElite-Mouth04,WallStreetElite-nose09
WallStreetElite-head10,WallStreetElite-Accessories06,WallStreetElite-Eye03,WallStreetElite-hair09,WallStreetElite-Mouth01,WallStreetElite-nose06
WallStreetElite-head08,WallStreetElite-Accessories16,WallStreetElite-Eye09,WallStreetElite-hair07,WallStreetElite-Mouth08,WallStreetElite-nose10
WallStreetElite-head04,WallStreetElite-Accessories08,WallStreetElite-Eye07,WallStreetElite-hair16,WallStreetElite-Mouth07,WallStreetElite-nose01
WallStreetElite-head04,WallStreetElite-Accessories13,WallStreetElite-Eye16,WallStreetElite-hair10,WallStreetElite-Mouth03,WallStreetElite-nose01
WallStreetElite-head04,WallStreetElite-Accessories02,WallStreetElite-Eye17,WallStreetElite-hair11,WallStreetElite-Mouth07,WallStreetElite-nose06
WallStreetElite-head08,WallStreetElite-Accessories10,WallStreetElite-Eye11,WallStreetElite-hair10,WallStreetElite-Mouth04,WallStreetElite-nose04
WallStreetElite-head07,WallStreetElite-Accessories11,WallStreetElite-Eye11,WallStreetElite-hair16,WallStreetElite-Mouth02,WallStreetElite-nose06
WallStreetElite-head08,WallStreetElite-Accessories15,WallStreetElite-Eye15,WallStreetElite-hair01,WallStreetElite-Mouth08,WallStreetElite-nose12
WallStreetElite-head10,WallStreetElite-Accessories13,WallStreetElite-Eye02,WallStreetElite-hair10,WallStreetElite-Mouth01,WallStreetElite-nose10
WallStreetElite-head04,WallStreetElite-Accessories03,WallStreetElite-Eye01,WallStreetElite-hair13,WallStreetElite-Mouth07,WallStreetElite-nose12
WallStreetElite-head06,WallStreetElite-Accessories14,WallStreetElite-Eye14,WallStreetElite-hair06,WallStreetElite-Mouth11,WallStreetElite-nose03
WallStreetElite-head10,WallStreetElite-Accessories15,WallStreetElite-Eye18,WallStreetElite-hair04,WallStreetElite-Mouth11,WallStreetElite-nose05
WallStreetElite-head02,WallStreetElite-Accessories11,WallStreetElite-Eye06,WallStreetElite-hair05,WallStreetElite-Mouth02,WallStreetElite-nose03
WallStreetElite-head08,WallStreetElite-Accessories10,WallStreetElite-Eye20,WallStreetElite-hair12,WallStreetElite-Mouth07,WallStreetElite-nose10
WallStreetElite-head01,WallStreetElite-Accessories03,WallStreetElite-Eye08,WallStreetElite-hair04,WallStreetElite-Mouth05,WallStreetElite-nose02
WallStreetElite-head05,WallStreetElite-Accessories14,WallStreetElite-Eye18,WallStreetElite-hair03,WallStreetElite-Mouth10,WallStreetElite-nose01
WallStreetElite-head09,WallStreetElite-Accessories02,WallStreetElite-Eye13,WallStreetElite-hair14,WallStreetElite-Mouth04,WallStreetElite-nose07
WallStreetElite-head03,WallStreetElite-Accessories09,WallStreetElite-Eye09,WallStreetElite-hair03,WallStreetElite-Mouth09,WallStreetElite-nose12
WallStreetElite-head06,WallStreetElite-Accessories04,WallStreetElite-Eye08,WallStreetElite-hair10,WallStreetElite-Mouth05,WallStreetElite-nose04
WallStreetElite-head02,WallStreetElite-Accessories07,WallStreetElite-Eye11,WallStreetElite-hair10,WallStreetElite-Mouth02,WallStreetElite-nose04
WallStreetElite-head07,WallStreetElite-Accessories01,WallStreetElite-Eye08,WallStreetElite-hair07,WallStreetElite-Mouth08,WallStreetElite-nose03
WallStreetElite-head08,WallStreetElite-Accessories06,WallStreetElite-Eye01,WallStreetElite-hair16,WallStreetElite-Mouth06,WallStreetElite-nose01
WallStreetElite-head08,WallStreetElite-Accessories11,WallStreetElite-Eye08,WallStreetElite-hair08,WallStreetElite-Mouth02,WallStreetElite-nose05
WallStreetElite-head10,WallStreetElite-Accessories01,WallStreetElite-Eye02,WallStreetElite-hair01,WallStreetElite-Mouth12,WallStreetElite-nose10
WallStreetElite-head09,WallStreetElite-Accessories13,WallStreetElite-Eye04,WallStreetElite-hair10,WallStreetElite-Mouth08,WallStreetElite-nose03
WallStreetElite-head10,WallStreetElite-Accessories10,WallStreetElite-Eye19,WallStreetElite-hair01,WallStreetElite-Mouth01,WallStreetElite-nose08
WallStreetElite-head09,WallStreetElite-Accessories04,WallStreetElite-Eye18,WallStreetElite-hair01,WallStreetElite-Mouth08,WallStreetElite-nose05
WallStreetElite-head09,WallStreetElite-Accessories13,WallStreetElite-Eye17,WallStreetElite-hair07,WallStreetElite-Mouth07,WallStreetElite-nose06
WallStreetElite-head03,WallStreetElite-Accessories14,WallStreetElite-Eye19,WallStreetElite-hair10,WallStreetElite-Mouth10,WallStreetElite-nose03
WallStreetElite-head07,WallStreetElite-Accessories04,WallStreetElite-Eye12,WallStreetElite-hair15,WallStreetElite-Mouth09,WallStreetElite-nose08
WallStreetElite-head04,WallStreetElite-Accessories01,WallStreetElite-Eye04,WallStreetElite-hair01,WallStreetElite-Mouth07,WallStreetElite-nose09
WallStreetElite-head10,WallStreetElite-Accessories13,WallStreetElite-Eye09,WallStreetElite-hair15,WallStreetElite-Mouth12,WallStreetElite-nose05
WallStreetElite-head05,WallStreetElite-Accessories11,WallStreetElite-Eye07,WallStreetElite-hair03,WallStreetElite-Mouth04,WallStreetElite-nose06
WallStreetElite-head09,WallStreetElite-Accessories08,WallStreetElite-Eye02,WallStreetElite-hair10,WallStreetElite-Mouth09,WallStreetElite-nose01
WallStreetElite-head06,WallStreetElite-Accessories03,WallStreetElite-Eye18,WallStreetElite-hair15,WallStreetElite-Mouth10,WallStreetElite-nose05
WallStreetElite-head03,WallStreetElite-Accessories10,WallStreetElite-Eye10,WallStreetElite-hair16,WallStreetElite-Mouth11,WallStreetElite-nose06
WallStreetElite-head06,WallStreetElite-Accessories05,WallStreetElite-Eye19,WallStreetElite-hair02,WallStreetElite-Mouth03,WallStreetElite-nose10
WallStreetElite-head10,WallStreetElite-Accessories03,WallStreetElite-Eye18,WallStreetElite-hair06,WallStreetElite-Mouth04,WallStreetElite-nose05
WallStreetElite-head05,WallStreetElite-Accessories10,WallStreetElite-Eye04,WallStreetElite-hair02,WallStreetElite-Mouth11,WallStreetElite-nose11
WallStreetElite-head04,WallStreetElite-Accessories10,WallStreetElite-Eye05,WallStreetElite-hair08,WallStreetElite-Mouth02,WallStreetElite-nose04
WallStreetElite-head04,WallStreetElite-Accessories05,WallStreetElite-Eye04,WallStreetElite-hair02,WallStreetElite-Mouth09,WallStreetElite-nose10
WallStreetElite-head06,WallStreetElite-Accessories01,WallStreetElite-Eye07,WallStreetElite-hair15,WallStreetElite-Mouth04,WallStreetElite-nose02
WallStreetElite-head04,WallStreetElite-Accessories05,WallStreetElite-Eye02,WallStreetElite-hair12,WallStreetElite-Mouth01,WallStreetElite-nose01
WallStreetElite-head07,WallStreetElite-Accessories14,WallStreetElite-Eye07,WallStreetElite-hair04,WallStreetElite-Mouth01,WallStreetElite-nose06
WallStreetElite-head03,WallStreetElite-Accessories16,WallStreetElite-Eye10,WallStreetElite-hair01,WallStreetElite-Mouth10,WallStreetElite-nose09
WallStreetElite-head08,WallStreetElite-Accessories07,WallStreetElite-Eye02,WallStreetElite-hair12,WallStreetElite-Mouth06,WallStreetElite-nose11
WallStreetElite-head03,WallStreetElite-Accessories03,WallStreetElite-Eye13,WallStreetElite-hair14,WallStreetElite-Mouth11,WallStreetElite-nose05
WallStreetElite-head02,WallStreetElite-Accessories10,WallStreetElite-Eye04,WallStreetElite-hair02,WallStreetElite-Mouth07,WallStreetElite-nose06
WallStreetElite-head02,WallStreetElite-Accessories08,WallStreetElite-Eye10,WallStreetElite-hair11,WallStreetElite-Mouth09,WallStreetElite-nose02
WallStreetElite-head10,WallStreetElite-Accessories03,WallStreetElite-Eye13,WallStreetElite-hair04,WallStreetElite-Mouth09,WallStreetElite-nose07
WallStreetElite-head07,WallStreetElite-Accessories04,WallStreetElite-Eye03,WallStreetElite-hair13,WallStreetElite-Mouth03,WallStreetElite-nose05
WallStreetElite-head01,WallStreetElite-Accessories02,WallStreetElite-Eye10,WallStreetElite-hair08,WallStreetElite-Mouth11,WallStreetElite-nose11
WallStreetElite-head02,WallStreetElite-Accessories11,WallStreetElite-Eye17,WallStreetElite-hair03,WallStreetElite-Mouth01,WallStreetElite-nose07
WallStreetElite-head04,WallStreetElite-Accessories01,WallStreetElite-Eye06,WallStreetElite-hair06,WallStreetElite-Mouth04,WallStreetElite-nose02
WallStreetElite-head06,WallStreetElite-Accessories08,WallStreetElite-Eye01,WallStreetElite-hair02,WallStreetElite-Mouth11,WallStreetElite-nose02
WallStreetElite-head05,WallStreetElite-Accessories04,WallStreetElite-Eye03,WallStreetElite-hair11,WallStreetElite-Mouth09,WallStreetElite-nose09
WallStreetElite-head02,WallStreetElite-Accessories16,WallStreetElite-Eye14,WallStreetElite-hair09,WallStreetElite-Mouth12,WallStreetElite-nose07
WallStreetElite-head07,WallStreetElite-Accessories01,WallStreetElite-Eye08,WallStreetElite-hair15,WallStreetElite-Mouth05,WallStreetElite-nose01
WallStreetElite-head06,WallStreetElite-Accessories03,WallStreetElite-Eye03,WallStreetElite-hair11,WallStreetElite-Mouth09,WallStreetElite-nose04
WallStreetElite-head01,WallStreetElite-Accessories06,WallStreetElite-Eye12,WallStreetElite-hair03,WallStreetElite-Mouth11,WallStreetElite-nose12
WallStreetElite-head06,WallStreetElite-Accessories05,WallStreetElite-Eye19,WallStreetElite-hair13,WallStreetElite-Mouth02,WallStreetElite-nose07
WallStreetElite-head07,WallStreetElite-Accessories14,WallStreetElite-Eye04,WallStreetElite-hair09,WallStreetElite-Mouth04,WallStreetElite-nose10
WallStreetElite-head10,WallStreetElite-Accessories06,WallStreetElite-Eye16,WallStreetElite-hair05,WallStreetElite-Mouth03,WallStreetElite-nose08
WallStreetElite-head03,WallStreetElite-Accessories02,WallStreetElite-Eye16,WallStreetElite-hair06,WallStreetElite-Mouth07,WallStreetElite-nose04
WallStreetElite-head02,WallStreetElite-Accessories07,WallStreetElite-Eye01,WallStreetElite-hair11,WallStreetElite-Mouth06,WallStreetElite-nose06
WallStreetElite-head03,WallStreetElite-Accessories16,WallStreetElite-Eye10,WallStreetElite-hair03,WallStreetElite-Mouth12,WallStreetElite-nose04
WallStreetElite-head09,WallStreetElite-Accessories13,WallStreetElite-Eye11,WallStreetElite-hair07,WallStreetElite-Mouth03,WallStreetElite-nose02
WallStreetElite-head02,WallStreetElite-Accessories04,WallStreetElite-Eye09,WallStreetElite-hair04,WallStreetElite-Mouth04,WallStreetElite-nose06
WallStreetElite-head08,WallStreetElite-Accessories15,WallStreetElite-Eye10,WallStreetElite-hair05,WallStreetElite-Mouth11,WallStreetElite-nose10
WallStreetElite-head10,WallStreetElite-Accessories02,WallStreetElite-Eye13,WallStreetElite-hair02,WallStreetElite-Mouth03,WallStreetElite-nose08
WallStreetElite-head03,WallStreetElite-Accessories14,WallStreetElite-Eye01,WallStreetElite-hair11,WallStreetElite-Mouth11,WallStreetElite-nose08
WallStreetElite-head07,WallStreetElite-Accessories05,WallStreetElite-Eye16,WallStreetElite-hair11,WallStreetElite-Mouth12,WallStreetElite-nose03
WallStreetElite-head08,WallStreetElite-Accessories11,WallStreetElite-Eye07,WallStreetElite-hair14,WallStreetElite-Mouth06,WallStreetElite-nose01
WallStreetElite-head07,WallStreetElite-Accessories09,WallStreetElite-Eye09,WallStreetElite-hair15,WallStreetElite-Mouth10,WallStreetElite-nose04
WallStreetElite-head02,WallStreetElite-Accessories08,WallStreetElite-Eye12,WallStreetElite-hair15,WallStreetElite-Mouth11,WallStreetElite-nose10
WallStreetElite-head05,WallStreetElite-Accessories05,WallStreetElite-Eye12,WallStreetElite-hair16,WallStreetElite-Mouth07,WallStreetElite-nose03
WallStreetElite-head09,WallStreetElite-Accessories11,WallStreetElite-Eye07,WallStreetElite-hair09,WallStreetElite-Mouth02,WallStreetElite-nose01
